{
  "name": "DHT",
  "keywords": "DHT11,DHT22,DHT33,DHT44,AM2301,AM2302,AM2303,auto,detect,offset",
  "description": "library for DHT Temperature & Humidity Sensor.",
  "authors":
  [
    {
      "name": "Rob Tillaart",
      "email": "Rob.Tillaart@gmail.com",
      "maintainer": true
    }
  ],
  "repository":
  {
    "type": "git",
    "url": "https://github.com/RobTillaart/Arduino.git"
  },
  "version":"0.1.5",
  "frameworks": "arduino",
  "platforms": "atmelavr",
  "export": {
    "include": "libraries/DHT"
  }
}
